City,Partner,Total,Success,Avg_Delivery_Hours,Success Rate (%)
Nagpur,BlueDart,365,265,49.57808219178082,72.6
Nagpur,Delhivery,372,258,49.225806451612904,69.35
Nagpur,Ekart,372,250,50.0,67.2
Nagpur,XpressBees,404,292,47.584158415841586,72.28
Nashik,BlueDart,384,286,47.75,74.48
Nashik,Delhivery,353,251,46.096317280453256,71.1
Nashik,Ekart,370,263,47.61081081081081,71.08
Nashik,XpressBees,380,259,51.28421052631579,68.16
